"resid1","resname1","chain1","resid2","resname2","chain2","polar contacts","apolar contacts"
100,"PHE","A",42,"TYR","A",0,1
100,"PHE","A",46,"GLU","A",0,1
100,"PHE","A",92,"HIS","A",0,2
100,"PHE","A",99,"ASN","A",0,1
100,"PHE","A",9999,"LIG","Z",0,4
100,"PHE","A",2,"PPP","P",0,1
36,"ASN","A",15,"HOH","1",1,0
36,"ASN","A",1,"HOH","1",1,0
36,"ASN","A",22,"HOH","1",1,1
36,"ASN","A",30,"HOH","1",1,0
36,"ASN","A",31,"HOH","1",1,1
36,"ASN","A",32,"HOH","1",1,0
36,"ASN","A",5,"HOH","1",0,1
36,"ASN","A",6,"HOH","1",2,1
38,"TYR","A",36,"ASN","A",0,1
38,"TYR","A",40,"HIS","A",0,2
38,"TYR","A",58,"GLU","A",0,3
38,"TYR","A",77,"ARG","A",0,3
38,"TYR","A",9999,"LIG","Z",1,2
38,"TYR","A",11,"HOH","1",1,0
38,"TYR","A",3,"HOH","2",1,0
40,"HIS","A",36,"ASN","A",0,1
40,"HIS","A",38,"TYR","A",0,3
40,"HIS","A",41,"LYS","A",0,1
40,"HIS","A",58,"GLU","A",0,4
40,"HIS","A",9999,"LIG","Z",1,4
40,"HIS","A",1,"HOH","1",1,1
41,"LYS","A",40,"HIS","A",1,2
41,"LYS","A",42,"TYR","A",0,1
41,"LYS","A",9999,"LIG","Z",0,1
41,"LYS","A",2,"HOH","1",1,0
42,"TYR","A",100,"PHE","A",0,1
42,"TYR","A",41,"LYS","A",0,3
42,"TYR","A",43,"ASN","A",0,4
42,"TYR","A",44,"ASN","A",0,2
42,"TYR","A",46,"GLU","A",0,1
42,"TYR","A",90,"ILE","A",0,2
42,"TYR","A",9999,"LIG","Z",0,11
43,"ASN","A",42,"TYR","A",1,3
43,"ASN","A",44,"ASN","A",1,1
43,"ASN","A",45,"TYR","A",1,4
43,"ASN","A",9999,"LIG","Z",1,3
43,"ASN","A",10,"HOH","1",1,0
43,"ASN","A",27,"HOH","1",0,1
43,"ASN","A",8,"HOH","1",1,0
43,"ASN","A",9,"HOH","1",1,0
44,"ASN","A",42,"TYR","A",0,7
44,"ASN","A",43,"ASN","A",1,5
44,"ASN","A",45,"TYR","A",1,3
44,"ASN","A",46,"GLU","A",0,1
44,"ASN","A",47,"GLY","A",0,1
44,"ASN","A",9999,"LIG","Z",1,2
45,"TYR","A",43,"ASN","A",1,4
45,"TYR","A",44,"ASN","A",1,2
45,"TYR","A",46,"GLU","A",1,1
45,"TYR","A",9999,"LIG","Z",1,10
45,"TYR","A",10,"HOH","1",1,1
45,"TYR","A",12,"HOH","2",0,1
45,"TYR","A",13,"HOH","1",0,1
45,"TYR","A",24,"HOH","1",0,1
45,"TYR","A",25,"HOH","1",0,1
45,"TYR","A",26,"HOH","1",1,1
45,"TYR","A",28,"HOH","1",0,1
45,"TYR","A",9,"HOH","1",1,0
46,"GLU","A",100,"PHE","A",1,2
46,"GLU","A",42,"TYR","A",1,2
46,"GLU","A",99,"ASN","A",0,2
46,"GLU","A",9999,"LIG","Z",2,5
58,"GLU","A",38,"TYR","A",0,1
58,"GLU","A",40,"HIS","A",0,3
58,"GLU","A",9999,"LIG","Z",1,2
58,"GLU","A",1,"PPP","P",0,1
92,"HIS","A",100,"PHE","A",0,7
92,"HIS","A",98,"ASN","A",0,5
92,"HIS","A",14,"HOH","1",1,1
92,"HIS","A",3,"HOH","2",0,1
98,"ASN","A",92,"HIS","A",0,5
98,"ASN","A",97,"GLY","A",0,3
98,"ASN","A",99,"ASN","A",0,7
98,"ASN","A",9999,"LIG","Z",2,7
98,"ASN","A",14,"HOH","1",1,0
98,"ASN","A",18,"HOH","1",0,2
98,"ASN","A",19,"HOH","1",0,1
98,"ASN","A",20,"HOH","1",0,1
98,"ASN","A",21,"HOH","1",0,1
98,"ASN","A",4,"HOH","1",2,1
98,"ASN","A",2,"PPP","P",1,1
99,"ASN","A",13,"HOH","1",1,0
99,"ASN","A",17,"HOH","1",1,0
99,"ASN","A",18,"HOH","1",1,0
9999,"LIG","Z",100,"PHE","A",0,4
9999,"LIG","Z",38,"TYR","A",1,2
9999,"LIG","Z",40,"HIS","A",1,4
9999,"LIG","Z",41,"LYS","A",0,1
9999,"LIG","Z",42,"TYR","A",0,11
9999,"LIG","Z",43,"ASN","A",1,3
9999,"LIG","Z",44,"ASN","A",1,2
9999,"LIG","Z",45,"TYR","A",1,10
9999,"LIG","Z",46,"GLU","A",2,5
9999,"LIG","Z",58,"GLU","A",1,2
9999,"LIG","Z",98,"ASN","A",2,7
9999,"LIG","Z",12,"HOH","2",2,2
9999,"LIG","Z",15,"HOH","1",1,0
9999,"LIG","Z",16,"HOH","1",1,1
9999,"LIG","Z",23,"HOH","1",0,1
9999,"LIG","Z",29,"HOH","1",1,2
9999,"LIG","Z",33,"HOH","1",0,1
9999,"LIG","Z",34,"HOH","1",0,1
9999,"LIG","Z",3,"HOH","2",1,2
9999,"LIG","Z",5,"HOH","1",2,1
9999,"LIG","Z",7,"HOH","1",1,1